{"cameraMode":{"drawMode":0,"name":"Shaded","section":"Shading Mode"},"sceneLighting":true,"audioPlay":false,"sceneViewState":{"showFog":true,"showMaterialUpdate":false,"showSkybox":true,"showFlares":true,"showImageEffects":true,"showParticleSystems":true},"in2DMode":false,"pivot":{"x":4.302026271820068,"y":20.30672836303711,"z":-28.482717514038087},"rotation":{"x":-0.16744576394557954,"y":0.028681866824626924,"z":-0.004873586818575859,"w":-0.9854519367218018},"size":13.091487884521485,"orthographic":false}