{"cameraMode":{"drawMode":0,"name":"Shaded","section":"Shading Mode"},"sceneLighting":true,"audioPlay":false,"sceneViewState":{"showFog":true,"showMaterialUpdate":false,"showSkybox":true,"showFlares":true,"showImageEffects":true,"showParticleSystems":true},"in2DMode":false,"pivot":{"x":2.53190016746521,"y":13.365152359008789,"z":110.31878662109375},"rotation":{"x":-0.04097448289394379,"y":0.02707521989941597,"z":0.0011043472914025188,"w":0.9988142848014832},"size":98.53917694091797,"orthographic":false}