{"cameraMode":{"drawMode":0,"name":"Shaded","section":"Shading Mode"},"sceneLighting":true,"audioPlay":false,"sceneViewState":{"showFog":true,"showMaterialUpdate":false,"showSkybox":true,"showFlares":true,"showImageEffects":true,"showParticleSystems":true},"in2DMode":false,"pivot":{"x":-10.222151756286621,"y":0.7004774212837219,"z":22.46942901611328},"rotation":{"x":0.019240424036979677,"y":-0.2376631200313568,"z":0.0047088260762393478,"w":0.9711536169052124},"size":10.678793907165528,"orthographic":false}